<PermissionSets>
  <PermissionSet RoleID="BarcodeRoleId" RoleName="BarcodeRoleId">
    <Permission>
      <ObjectType>TableData</ObjectType>
      <ObjectID>50121</ObjectID>      
      <ReadPermission>Yes</ReadPermission>
      <InsertPermission>Yes</InsertPermission>
      <ModifyPermission>Yes</ModifyPermission>
      <DeletePermission>Yes</DeletePermission>
      <ExecutePermission>No</ExecutePermission>         
      <SecurityFilter />
    </Permission>
    <Permission>
      <ObjectType>TableData</ObjectType>
      <ObjectID>50124</ObjectID>      
      <ReadPermission>Yes</ReadPermission>
      <InsertPermission>Yes</InsertPermission>
      <ModifyPermission>Yes</ModifyPermission>
      <DeletePermission>Yes</DeletePermission>
      <ExecutePermission>No</ExecutePermission>         
      <SecurityFilter />
    </Permission>
  </PermissionSet>
</PermissionSets>